{"cameraMode":{"drawMode":0,"name":"Shaded","section":"Shading Mode"},"sceneLighting":true,"audioPlay":false,"sceneViewState":{"m_AlwaysRefresh":false,"showFog":false,"showSkybox":true,"showFlares":true,"showImageEffects":true,"showParticleSystems":true,"showVisualEffectGraphs":true,"m_FxEnabled":true},"in2DMode":false,"pivot":{"x":42.47157669067383,"y":21.38538932800293,"z":110.25215148925781},"rotation":{"x":-0.008735595270991326,"y":0.951383650302887,"z":0.02711492031812668,"w":0.3068225681781769},"size":1.0271306037902833,"orthographic":false}